{
        "to_address":"postofficedtsservice@interswitchgroup.com"
	,"from_address":"postofficedtsservice@interswitchgroup.com"
	,"send_notification":false
	,"bcc_address": "1"
	,"cc_address" : "1"
	,"smtp_server": "172.16.10.223"
	,"smtp_port":   "25"
	,"sender":     "localhost@localhost.com"
	,"sender_password":""
	,"is_ssl_enabled": false
	,"destination_server":"localhost"
	,"destination_database":"test_db"
	,"destination_port":"1433"
	,"source_database":"postilion_office"
	,"source_port":"1433"
	,"source_server":"localhost"
	,"change_monitoring_modes":["schema","update"]		 /* UPDATE, SCHEMA*/
	,"source_server_type":"MSSQL"             	        /* OPTIONS: MSSQL*/
	,"destination_server_type":"MONGO"  	               /* OPTIONS: MSSQL, MONGO,MYSQL*/
	,"log_file":".\\log\\datachangecheck.log"
	,"tables_to_monitor":["extract_entity","reports_entity"]   /* List of Tables to be Monitored */
	,"tables_column_map":["extract_entity:entity_id,name","reports_entity:entity_id,name"]
	,"tables_ref_column_map":["extract_entity:name","reports_entity:name"]
	,"column_value_separator":":"
	,"field_separator":";"
        ,"record_separator":"~"
        ,"sql_destination_table_map":["extract_entity:test_table_2","reports_entity:test_table"]
        ,"mongo_destination_collection_map":["extract_entity:test_table_2","reports_entity:test_table"]
        ,"mysql_destination_table_name_map":["extract_entity:test_table_2","reports_entity:test_table"]
        ,"batch_size":100
        ,"mongo_connection_port":27017
        ,"alternate_row_colour":"#cce0ff"
        ,"email_font_family": "arial,times new roman,verdana,sans-serif;"
        ,"email_font_size":"11px"
        ,"color":"#333333;"
        ,"border_color":"gray"
        ,"send_email_notification":false
 }